{
	"version": 1,
	"changelists": [
		{
			"guid": "00000000000000000000000000000000",
			"description": "Default Uncontrolled Changelist",
			"files": [
				"C:/Users/yuyangx6/Downloads/InfiniteMatrixStarterProject/InfiniteMatrixStarter/Content/InfiniteMatrix/Maps/TutorialMap.umap",
				"C:/Users/yuyangx6/Downloads/InfiniteMatrixStarterProject/InfiniteMatrixStarter/Content/InfiniteMatrix/Blueprints/BP_Tunnel.uasset",
				"C:/Users/yuyangx6/Downloads/InfiniteMatrixStarterProject/InfiniteMatrixStarter/Content/InfiniteMatrix/Blueprints/BP_Player.uasset",
				"C:/Users/yuyangx6/Downloads/InfiniteMatrixStarterProject/InfiniteMatrixStarter/Content/InfiniteMatrix/Blueprints/BP_TunnelSpawner.uasset"
			]
		}
	]
}